<?xml version="1.0" encoding="UTF-8"?>
<metadata xml:lang="en"><Esri><CreaDate>20161208</CreaDate><CreaTime>14093100</CreaTime><ArcGISFormat>1.0</ArcGISFormat><SyncOnce>FALSE</SyncOnce><DataProperties><itemProps><itemName Sync="TRUE">SUBZONE_AGE_GENDER_2016</itemName><imsContentType Sync="TRUE">002</imsContentType><itemLocation><linkage Sync="TRUE">file://\\AMAZONA-JFOTH4H\BatchJob\OneMaptoDGS\MDB2\SUBZONE_AGE_GENDER_2016.mdb</linkage><protocol Sync="TRUE">Local Area Network</protocol></itemLocation></itemProps><coordRef><type Sync="TRUE">Projected</type><geogcsn Sync="TRUE">SVY21[WGS84]</geogcsn><csUnits Sync="TRUE">Linear Unit: Meter (1.000000)</csUnits><projcsn Sync="TRUE">SVY21</projcsn><peXml Sync="TRUE">&lt;ProjectedCoordinateSystem xsi:type='typens:ProjectedCoordinateSystem' xmlns:xsi='http://www.w3.org/2001/XMLSchema-instance' xmlns:xs='http://www.w3.org/2001/XMLSchema' xmlns:typens='http://www.esri.com/schemas/ArcGIS/10.1'&gt;&lt;WKT&gt;PROJCS[&amp;quot;SVY21&amp;quot;,GEOGCS[&amp;quot;SVY21[WGS84]&amp;quot;,DATUM[&amp;quot;D_WGS_1984&amp;quot;,SPHEROID[&amp;quot;WGS_1984&amp;quot;,6378137.0,298.257223563]],PRIMEM[&amp;quot;Greenwich&amp;quot;,0.0],UNIT[&amp;quot;Degree&amp;quot;,0.0174532925199433]],PROJECTION[&amp;quot;Transverse_Mercator&amp;quot;],PARAMETER[&amp;quot;False_Easting&amp;quot;,28001.642],PARAMETER[&amp;quot;False_Northing&amp;quot;,38744.572],PARAMETER[&amp;quot;Central_Meridian&amp;quot;,103.8333333333333],PARAMETER[&amp;quot;Scale_Factor&amp;quot;,1.0],PARAMETER[&amp;quot;Latitude_Of_Origin&amp;quot;,1.366666666666667],UNIT[&amp;quot;Meter&amp;quot;,1.0]]&lt;/WKT&gt;&lt;XOrigin&gt;-5595200&lt;/XOrigin&gt;&lt;YOrigin&gt;-10114500&lt;/YOrigin&gt;&lt;XYScale&gt;10000&lt;/XYScale&gt;&lt;ZOrigin&gt;-100000&lt;/ZOrigin&gt;&lt;ZScale&gt;10000&lt;/ZScale&gt;&lt;MOrigin&gt;-100000&lt;/MOrigin&gt;&lt;MScale&gt;10000&lt;/MScale&gt;&lt;XYTolerance&gt;0.001&lt;/XYTolerance&gt;&lt;ZTolerance&gt;0.001&lt;/ZTolerance&gt;&lt;MTolerance&gt;0.001&lt;/MTolerance&gt;&lt;HighPrecision&gt;true&lt;/HighPrecision&gt;&lt;/ProjectedCoordinateSystem&gt;</peXml></coordRef><lineage><Process ToolSource="d:\program files (x86)\arcgis\desktop10.1\ArcToolbox\Toolboxes\Conversion Tools.tbx\FeatureClassToFeatureClass" Date="20161123" Time="133455">FeatureClassToFeatureClass GPL0 E:\IMAP\Config\IMAP_AD.sde\IMAP_AD.AgencyData SUBZONE_AGE_GENDER_2016 # "SUBZONE_N "Subzone" true true false 30 Text 0 0 ,First,#,E:\IMAP\BatchJob\GeoSps to OneMap\Output\SUBZONE_AGE_GENDER_2016.gdb\SUBZONE_AGE_GENDER_2016,SUBZONE_N,-1,-1;PLN_AREA_N "Planning Area" true true false 30 Text 0 0 ,First,#,E:\IMAP\BatchJob\GeoSps to OneMap\Output\SUBZONE_AGE_GENDER_2016.gdb\SUBZONE_AGE_GENDER_2016,PLN_AREA_N,-1,-1;TOTAL "Total Population" true true false 8 Double 0 0 ,First,#,E:\IMAP\BatchJob\GeoSps to OneMap\Output\SUBZONE_AGE_GENDER_2016.gdb\SUBZONE_AGE_GENDER_2016,TOTAL,-1,-1;BET0TO4 "0 - 4" true true false 8 Double 0 0 ,First,#,E:\IMAP\BatchJob\GeoSps to OneMap\Output\SUBZONE_AGE_GENDER_2016.gdb\SUBZONE_AGE_GENDER_2016,BET0TO4,-1,-1;BET5TO9 "5 - 9" true true false 8 Double 0 0 ,First,#,E:\IMAP\BatchJob\GeoSps to OneMap\Output\SUBZONE_AGE_GENDER_2016.gdb\SUBZONE_AGE_GENDER_2016,BET5TO9,-1,-1;BET10TO14 "10 - 14" true true false 8 Double 0 0 ,First,#,E:\IMAP\BatchJob\GeoSps to OneMap\Output\SUBZONE_AGE_GENDER_2016.gdb\SUBZONE_AGE_GENDER_2016,BET10TO14,-1,-1;BET15TO19 "15 - 19" true true false 8 Double 0 0 ,First,#,E:\IMAP\BatchJob\GeoSps to OneMap\Output\SUBZONE_AGE_GENDER_2016.gdb\SUBZONE_AGE_GENDER_2016,BET15TO19,-1,-1;BET20TO24 "20 - 24" true true false 8 Double 0 0 ,First,#,E:\IMAP\BatchJob\GeoSps to OneMap\Output\SUBZONE_AGE_GENDER_2016.gdb\SUBZONE_AGE_GENDER_2016,BET20TO24,-1,-1;BET25TO29 "25 - 29" true true false 8 Double 0 0 ,First,#,E:\IMAP\BatchJob\GeoSps to OneMap\Output\SUBZONE_AGE_GENDER_2016.gdb\SUBZONE_AGE_GENDER_2016,BET25TO29,-1,-1;BET30TO34 "30 - 34" true true false 8 Double 0 0 ,First,#,E:\IMAP\BatchJob\GeoSps to OneMap\Output\SUBZONE_AGE_GENDER_2016.gdb\SUBZONE_AGE_GENDER_2016,BET30TO34,-1,-1;BET35TO39 "35 - 39" true true false 8 Double 0 0 ,First,#,E:\IMAP\BatchJob\GeoSps to OneMap\Output\SUBZONE_AGE_GENDER_2016.gdb\SUBZONE_AGE_GENDER_2016,BET35TO39,-1,-1;BET40TO44 "40 - 44" true true false 8 Double 0 0 ,First,#,E:\IMAP\BatchJob\GeoSps to OneMap\Output\SUBZONE_AGE_GENDER_2016.gdb\SUBZONE_AGE_GENDER_2016,BET40TO44,-1,-1;BET45TO49 "45 - 49" true true false 8 Double 0 0 ,First,#,E:\IMAP\BatchJob\GeoSps to OneMap\Output\SUBZONE_AGE_GENDER_2016.gdb\SUBZONE_AGE_GENDER_2016,BET45TO49,-1,-1;BET50TO54 "50 - 54" true true false 8 Double 0 0 ,First,#,E:\IMAP\BatchJob\GeoSps to OneMap\Output\SUBZONE_AGE_GENDER_2016.gdb\SUBZONE_AGE_GENDER_2016,BET50TO54,-1,-1;BET55TO59 "55 - 59" true true false 8 Double 0 0 ,First,#,E:\IMAP\BatchJob\GeoSps to OneMap\Output\SUBZONE_AGE_GENDER_2016.gdb\SUBZONE_AGE_GENDER_2016,BET55TO59,-1,-1;BET60TO64 "60 - 64" true true false 8 Double 0 0 ,First,#,E:\IMAP\BatchJob\GeoSps to OneMap\Output\SUBZONE_AGE_GENDER_2016.gdb\SUBZONE_AGE_GENDER_2016,BET60TO64,-1,-1;BET65TO69 "65 - 69" true true false 8 Double 0 0 ,First,#,E:\IMAP\BatchJob\GeoSps to OneMap\Output\SUBZONE_AGE_GENDER_2016.gdb\SUBZONE_AGE_GENDER_2016,BET65TO69,-1,-1;BET70TO74 "70 - 74" true true false 8 Double 0 0 ,First,#,E:\IMAP\BatchJob\GeoSps to OneMap\Output\SUBZONE_AGE_GENDER_2016.gdb\SUBZONE_AGE_GENDER_2016,BET70TO74,-1,-1;BET75TO79 "75 - 79" true true false 8 Double 0 0 ,First,#,E:\IMAP\BatchJob\GeoSps to OneMap\Output\SUBZONE_AGE_GENDER_2016.gdb\SUBZONE_AGE_GENDER_2016,BET75TO79,-1,-1;BET80TO84 "80 - 84" true true false 8 Double 0 0 ,First,#,E:\IMAP\BatchJob\GeoSps to OneMap\Output\SUBZONE_AGE_GENDER_2016.gdb\SUBZONE_AGE_GENDER_2016,BET80TO84,-1,-1;OVER85 "85 &amp; Over" true true false 8 Double 0 0 ,First,#,E:\IMAP\BatchJob\GeoSps to OneMap\Output\SUBZONE_AGE_GENDER_2016.gdb\SUBZONE_AGE_GENDER_2016,OVER85,-1,-1;INC_CRC "INC_CRC" true true false 50 Text 0 0 ,First,#,E:\IMAP\BatchJob\GeoSps to OneMap\Output\SUBZONE_AGE_GENDER_2016.gdb\SUBZONE_AGE_GENDER_2016,INC_CRC,-1,-1;FMEL_UPD_D "FMEL_UPD_D" true true false 8 Date 0 0 ,First,#,E:\IMAP\BatchJob\GeoSps to OneMap\Output\SUBZONE_AGE_GENDER_2016.gdb\SUBZONE_AGE_GENDER_2016,FMEL_UPD_D,-1,-1;SHAPE_Length "SHAPE_Length" false true true 8 Double 0 0 ,First,#,E:\IMAP\BatchJob\GeoSps to OneMap\Output\SUBZONE_AGE_GENDER_2016.gdb\SUBZONE_AGE_GENDER_2016,SHAPE_Length,-1,-1;SHAPE_Area "SHAPE_Area" false true true 8 Double 0 0 ,First,#,E:\IMAP\BatchJob\GeoSps to OneMap\Output\SUBZONE_AGE_GENDER_2016.gdb\SUBZONE_AGE_GENDER_2016,SHAPE_Area,-1,-1;X_ADDR "X_ADDR" true true false 8 Double 0 0 ,First,#,E:\IMAP\BatchJob\GeoSps to OneMap\Output\SUBZONE_AGE_GENDER_2016.gdb\SUBZONE_AGE_GENDER_2016,X_ADDR,-1,-1;Y_ADDR "Y_ADDR" true true false 8 Double 0 0 ,First,#,E:\IMAP\BatchJob\GeoSps to OneMap\Output\SUBZONE_AGE_GENDER_2016.gdb\SUBZONE_AGE_GENDER_2016,Y_ADDR,-1,-1" #</Process><Process ToolSource="d:\program files (x86)\arcgis\desktop10.1\ArcToolbox\Toolboxes\Data Management Tools.tbx\CopyFeatures" Date="20161208" Time="134023">CopyFeatures GPL0 E:\iMap\BatchJob\OneMaptoDGS\MDB2\SUBZONE_AGE_GENDER_2016.mdb\SUBZONE_AGE_GENDER_2016 # 0 0 0</Process></lineage></DataProperties><SyncDate>20161208</SyncDate><SyncTime>13402300</SyncTime><ModDate>20161208</ModDate><ModTime>13402300</ModTime></Esri><dataIdInfo><envirDesc Sync="TRUE">Microsoft Windows Server 2008 R2 Version 6.1 (Build 7601) Service Pack 1; Esri ArcGIS 10.1.0.3035</envirDesc><dataLang><languageCode value="eng" Sync="TRUE"></languageCode><countryCode value="USA" Sync="TRUE"></countryCode></dataLang><idCitation><resTitle Sync="TRUE">SUBZONE_AGE_GENDER_2016</resTitle><presForm><PresFormCd value="005" Sync="TRUE"></PresFormCd></presForm></idCitation><spatRpType><SpatRepTypCd value="001" Sync="TRUE"></SpatRepTypCd></spatRpType></dataIdInfo><mdLang><languageCode value="eng" Sync="TRUE"></languageCode><countryCode value="USA" Sync="TRUE"></countryCode></mdLang><distInfo><distFormat><formatName Sync="TRUE">Personal GeoDatabase Feature Class</formatName></distFormat></distInfo><mdHrLv><ScopeCd value="005" Sync="TRUE"></ScopeCd></mdHrLv><mdHrLvName Sync="TRUE">dataset</mdHrLvName><refSysInfo><RefSystem><refSysID><identCode code="0" Sync="TRUE" value="0"></identCode></refSysID></RefSystem></refSysInfo><spatRepInfo><VectSpatRep><geometObjs Name="SUBZONE_AGE_GENDER_2016"><geoObjTyp><GeoObjTypCd value="002" Sync="TRUE"></GeoObjTypCd></geoObjTyp><geoObjCnt Sync="TRUE">0</geoObjCnt></geometObjs><topLvl><TopoLevCd value="001" Sync="TRUE"></TopoLevCd></topLvl></VectSpatRep></spatRepInfo><spdoinfo><ptvctinf><esriterm Name="SUBZONE_AGE_GENDER_2016"><efeatyp Sync="TRUE">Simple</efeatyp><efeageom code="4" Sync="TRUE"></efeageom><esritopo Sync="TRUE">FALSE</esritopo><efeacnt Sync="TRUE">0</efeacnt><spindex Sync="TRUE">TRUE</spindex><linrefer Sync="TRUE">FALSE</linrefer></esriterm></ptvctinf></spdoinfo><eainfo><detailed Name="SUBZONE_AGE_GENDER_2016"><enttyp><enttypl Sync="TRUE">SUBZONE_AGE_GENDER_2016</enttypl><enttypt Sync="TRUE">Feature Class</enttypt><enttypc Sync="TRUE">0</enttypc></enttyp><attr><attrlabl Sync="TRUE">OBJECTID</attrlabl><attalias Sync="TRUE">OBJECTID</attalias><attrtype Sync="TRUE">OID</attrtype><attwidth Sync="TRUE">4</attwidth><atprecis Sync="TRUE">0</atprecis><attscale Sync="TRUE">0</attscale><attrdef Sync="TRUE">Internal feature number.</attrdef><attrdefs Sync="TRUE">Esri</attrdefs><attrdomv><udom Sync="TRUE">Sequential unique whole numbers that are automatically generated.</udom></attrdomv></attr><attr><attrlabl Sync="TRUE">SUBZONE_N</attrlabl><attalias Sync="TRUE">Subzone</attalias><attrtype Sync="TRUE">String</attrtype><attwidth Sync="TRUE">30</attwidth><atprecis Sync="TRUE">0</atprecis><attscale Sync="TRUE">0</attscale></attr><attr><attrlabl Sync="TRUE">PLN_AREA_N</attrlabl><attalias Sync="TRUE">Planning Area</attalias><attrtype Sync="TRUE">String</attrtype><attwidth Sync="TRUE">30</attwidth><atprecis Sync="TRUE">0</atprecis><attscale Sync="TRUE">0</attscale></attr><attr><attrlabl Sync="TRUE">TOTAL</attrlabl><attalias Sync="TRUE">Total Population</attalias><attrtype Sync="TRUE">Double</attrtype><attwidth Sync="TRUE">8</attwidth><atprecis Sync="TRUE">0</atprecis><attscale Sync="TRUE">0</attscale></attr><attr><attrlabl Sync="TRUE">BET0TO4</attrlabl><attalias Sync="TRUE">0 - 4</attalias><attrtype Sync="TRUE">Double</attrtype><attwidth Sync="TRUE">8</attwidth><atprecis Sync="TRUE">0</atprecis><attscale Sync="TRUE">0</attscale></attr><attr><attrlabl Sync="TRUE">BET5TO9</attrlabl><attalias Sync="TRUE">5 - 9</attalias><attrtype Sync="TRUE">Double</attrtype><attwidth Sync="TRUE">8</attwidth><atprecis Sync="TRUE">0</atprecis><attscale Sync="TRUE">0</attscale></attr><attr><attrlabl Sync="TRUE">BET10TO14</attrlabl><attalias Sync="TRUE">10 - 14</attalias><attrtype Sync="TRUE">Double</attrtype><attwidth Sync="TRUE">8</attwidth><atprecis Sync="TRUE">0</atprecis><attscale Sync="TRUE">0</attscale></attr><attr><attrlabl Sync="TRUE">BET15TO19</attrlabl><attalias Sync="TRUE">15 - 19</attalias><attrtype Sync="TRUE">Double</attrtype><attwidth Sync="TRUE">8</attwidth><atprecis Sync="TRUE">0</atprecis><attscale Sync="TRUE">0</attscale></attr><attr><attrlabl Sync="TRUE">BET20TO24</attrlabl><attalias Sync="TRUE">20 - 24</attalias><attrtype Sync="TRUE">Double</attrtype><attwidth Sync="TRUE">8</attwidth><atprecis Sync="TRUE">0</atprecis><attscale Sync="TRUE">0</attscale></attr><attr><attrlabl Sync="TRUE">BET25TO29</attrlabl><attalias Sync="TRUE">25 - 29</attalias><attrtype Sync="TRUE">Double</attrtype><attwidth Sync="TRUE">8</attwidth><atprecis Sync="TRUE">0</atprecis><attscale Sync="TRUE">0</attscale></attr><attr><attrlabl Sync="TRUE">BET30TO34</attrlabl><attalias Sync="TRUE">30 - 34</attalias><attrtype Sync="TRUE">Double</attrtype><attwidth Sync="TRUE">8</attwidth><atprecis Sync="TRUE">0</atprecis><attscale Sync="TRUE">0</attscale></attr><attr><attrlabl Sync="TRUE">BET35TO39</attrlabl><attalias Sync="TRUE">35 - 39</attalias><attrtype Sync="TRUE">Double</attrtype><attwidth Sync="TRUE">8</attwidth><atprecis Sync="TRUE">0</atprecis><attscale Sync="TRUE">0</attscale></attr><attr><attrlabl Sync="TRUE">BET40TO44</attrlabl><attalias Sync="TRUE">40 - 44</attalias><attrtype Sync="TRUE">Double</attrtype><attwidth Sync="TRUE">8</attwidth><atprecis Sync="TRUE">0</atprecis><attscale Sync="TRUE">0</attscale></attr><attr><attrlabl Sync="TRUE">BET45TO49</attrlabl><attalias Sync="TRUE">45 - 49</attalias><attrtype Sync="TRUE">Double</attrtype><attwidth Sync="TRUE">8</attwidth><atprecis Sync="TRUE">0</atprecis><attscale Sync="TRUE">0</attscale></attr><attr><attrlabl Sync="TRUE">BET50TO54</attrlabl><attalias Sync="TRUE">50 - 54</attalias><attrtype Sync="TRUE">Double</attrtype><attwidth Sync="TRUE">8</attwidth><atprecis Sync="TRUE">0</atprecis><attscale Sync="TRUE">0</attscale></attr><attr><attrlabl Sync="TRUE">BET55TO59</attrlabl><attalias Sync="TRUE">55 - 59</attalias><attrtype Sync="TRUE">Double</attrtype><attwidth Sync="TRUE">8</attwidth><atprecis Sync="TRUE">0</atprecis><attscale Sync="TRUE">0</attscale></attr><attr><attrlabl Sync="TRUE">BET60TO64</attrlabl><attalias Sync="TRUE">60 - 64</attalias><attrtype Sync="TRUE">Double</attrtype><attwidth Sync="TRUE">8</attwidth><atprecis Sync="TRUE">0</atprecis><attscale Sync="TRUE">0</attscale></attr><attr><attrlabl Sync="TRUE">BET65TO69</attrlabl><attalias Sync="TRUE">65 - 69</attalias><attrtype Sync="TRUE">Double</attrtype><attwidth Sync="TRUE">8</attwidth><atprecis Sync="TRUE">0</atprecis><attscale Sync="TRUE">0</attscale></attr><attr><attrlabl Sync="TRUE">BET70TO74</attrlabl><attalias Sync="TRUE">70 - 74</attalias><attrtype Sync="TRUE">Double</attrtype><attwidth Sync="TRUE">8</attwidth><atprecis Sync="TRUE">0</atprecis><attscale Sync="TRUE">0</attscale></attr><attr><attrlabl Sync="TRUE">BET75TO79</attrlabl><attalias Sync="TRUE">75 - 79</attalias><attrtype Sync="TRUE">Double</attrtype><attwidth Sync="TRUE">8</attwidth><atprecis Sync="TRUE">0</atprecis><attscale Sync="TRUE">0</attscale></attr><attr><attrlabl Sync="TRUE">BET80TO84</attrlabl><attalias Sync="TRUE">80 - 84</attalias><attrtype Sync="TRUE">Double</attrtype><attwidth Sync="TRUE">8</attwidth><atprecis Sync="TRUE">0</atprecis><attscale Sync="TRUE">0</attscale></attr><attr><attrlabl Sync="TRUE">OVER85</attrlabl><attalias Sync="TRUE">85 &amp; Over</attalias><attrtype Sync="TRUE">Double</attrtype><attwidth Sync="TRUE">8</attwidth><atprecis Sync="TRUE">0</atprecis><attscale Sync="TRUE">0</attscale></attr><attr><attrlabl Sync="TRUE">INC_CRC</attrlabl><attalias Sync="TRUE">INC_CRC</attalias><attrtype Sync="TRUE">String</attrtype><attwidth Sync="TRUE">50</attwidth><atprecis Sync="TRUE">0</atprecis><attscale Sync="TRUE">0</attscale></attr><attr><attrlabl Sync="TRUE">FMEL_UPD_D</attrlabl><attalias Sync="TRUE">FMEL_UPD_D</attalias><attrtype Sync="TRUE">Date</attrtype><attwidth Sync="TRUE">8</attwidth><atprecis Sync="TRUE">0</atprecis><attscale Sync="TRUE">0</attscale></attr><attr><attrlabl Sync="TRUE">X_ADDR</attrlabl><attalias Sync="TRUE">X_ADDR</attalias><attrtype Sync="TRUE">Double</attrtype><attwidth Sync="TRUE">8</attwidth><atprecis Sync="TRUE">0</atprecis><attscale Sync="TRUE">0</attscale></attr><attr><attrlabl Sync="TRUE">Y_ADDR</attrlabl><attalias Sync="TRUE">Y_ADDR</attalias><attrtype Sync="TRUE">Double</attrtype><attwidth Sync="TRUE">8</attwidth><atprecis Sync="TRUE">0</atprecis><attscale Sync="TRUE">0</attscale></attr><attr><attrlabl Sync="TRUE">SHAPE</attrlabl><attalias Sync="TRUE">SHAPE</attalias><attrtype Sync="TRUE">Geometry</attrtype><attwidth Sync="TRUE">0</attwidth><atprecis Sync="TRUE">0</atprecis><attscale Sync="TRUE">0</attscale><attrdef Sync="TRUE">Feature geometry.</attrdef><attrdefs Sync="TRUE">Esri</attrdefs><attrdomv><udom Sync="TRUE">Coordinates defining the features.</udom></attrdomv></attr><attr><attrlabl Sync="TRUE">SHAPE_Length</attrlabl><attalias Sync="TRUE">SHAPE_Length</attalias><attrtype Sync="TRUE">Double</attrtype><attwidth Sync="TRUE">8</attwidth><atprecis Sync="TRUE">0</atprecis><attscale Sync="TRUE">0</attscale><attrdef Sync="TRUE">Length of feature in internal units.</attrdef><attrdefs Sync="TRUE">Esri</attrdefs><attrdomv><udom Sync="TRUE">Positive real numbers that are automatically generated.</udom></attrdomv></attr><attr><attrlabl Sync="TRUE">SHAPE_Area</attrlabl><attalias Sync="TRUE">SHAPE_Area</attalias><attrtype Sync="TRUE">Double</attrtype><attwidth Sync="TRUE">8</attwidth><atprecis Sync="TRUE">0</atprecis><attscale Sync="TRUE">0</attscale><attrdef Sync="TRUE">Area of feature in internal units squared.</attrdef><attrdefs Sync="TRUE">Esri</attrdefs><attrdomv><udom Sync="TRUE">Positive real numbers that are automatically generated.</udom></attrdomv></attr></detailed></eainfo><mdDateSt Sync="TRUE">20161208</mdDateSt></metadata>
